{"cameraMode":{"drawMode":0,"name":"Shaded","section":"Shading Mode"},"sceneLighting":true,"audioPlay":false,"sceneViewState":{"showFog":true,"showMaterialUpdate":false,"showSkybox":true,"showFlares":true,"showImageEffects":true,"showParticleSystems":true},"in2DMode":false,"pivot":{"x":-1.9800000190734864,"y":1.0700000524520875,"z":0.4399999976158142},"rotation":{"x":0.3737490773200989,"y":-0.11919629573822022,"z":0.04840794578194618,"w":0.918612003326416},"size":0.6544362306594849,"orthographic":false}