{"cameraMode":{"drawMode":0,"name":"Shaded","section":"Shading Mode"},"sceneLighting":true,"audioPlay":false,"sceneViewState":{"showFog":true,"showMaterialUpdate":false,"showSkybox":true,"showFlares":true,"showImageEffects":true,"showParticleSystems":true},"in2DMode":false,"pivot":{"x":-0.4482240676879883,"y":1.0613899230957032,"z":1.8099002838134766},"rotation":{"x":0.18478944897651673,"y":0.15989263355731965,"z":-0.030482426285743715,"w":0.9692088961601257},"size":2.7431366443634035,"orthographic":false}